date,Total Spillover Index
2002-10-08,49.90681540524861
2002-10-09,49.81735123651968
2002-10-10,49.85929499669978
2002-10-11,49.835677909287476
2002-10-14,49.214026107689286
2002-10-15,49.19550852358949
2002-10-16,49.12616446959478
2002-10-17,49.0258676155279
2002-10-18,48.38817221013115
2002-10-21,48.09271744408057
2002-10-22,47.5884316102581
2002-10-23,47.59911049445109
2002-10-24,47.403758675016356
2002-10-25,47.558166274711304
2002-10-28,48.05561698220883
2002-10-29,48.11059452981158
2002-10-30,47.26935620771649
2002-10-31,47.85155059169792
2002-11-01,47.55345676358833
2002-11-04,47.70828105293832
2002-11-05,47.87342721299113
2002-11-06,48.160663677647314
2002-11-07,48.368342876177344
2002-11-08,49.09950966781609
2002-11-11,49.29622318442381
2002-11-12,49.62278560070637
2002-11-13,49.210993874141685
2002-11-14,49.307777797826404
2002-11-15,49.27760518513407
2002-11-18,48.68789529606966
2002-11-19,48.12752011677866
2002-11-20,48.2129641187776
2002-11-21,48.710525859304255
2002-11-22,48.74336741339171
2002-11-25,48.60335510928132
2002-11-26,48.70730696873976
2002-11-27,48.729502427886686
2002-11-28,48.91636295200307
2002-11-29,48.446125824977024
2002-12-02,48.784255964429356
2002-12-03,48.07692262486493
2002-12-04,47.90711889691975
2002-12-05,47.586100650449076
2002-12-06,47.44472891306172
2002-12-09,47.219580357166315
2002-12-10,47.736819423023796
2002-12-11,47.82104152793493
2002-12-12,47.527456000527266
2002-12-13,47.638534751689726
2002-12-16,47.927015458959566
2002-12-17,47.39925957870893
2002-12-18,47.53188308411957
2002-12-19,48.1328313670626
2002-12-20,48.22178846531971
2002-12-23,48.81311325057303
2002-12-24,49.20901913140716
2002-12-25,50.523184557485024
2002-12-26,50.39769777293181
2002-12-27,49.86140640217098
2002-12-30,50.18335564745291
2002-12-31,50.246587393520386
2003-01-01,50.22165191056507
2003-01-02,49.05264297026939
2003-01-03,48.6877795230768
2003-01-06,49.71791039865393
2003-01-07,48.92173192437575
2003-01-08,48.6355561873278
2003-01-09,49.42636654745616
2003-01-10,49.57017982751119
2003-01-13,50.026835913802394
2003-01-14,49.86171935588207
2003-01-15,49.321075589314134
2003-01-16,49.180322013399895
2003-01-17,48.618364394432106
2003-01-20,47.938215338869625
2003-01-21,48.22112222206578
2003-01-22,48.2181062769318
2003-01-23,47.570749011362
2003-01-24,48.219105532792334
2003-01-27,47.78419084555445
2003-01-28,46.989253893459406
2003-01-29,47.31874758226632
2003-01-30,46.85516874764345
2003-01-31,47.03982449093609
2003-02-03,46.71241811866672
2003-02-04,46.15871923641456
2003-02-05,46.012639289577194
2003-02-06,45.73984272635408
2003-02-07,45.6147703859536
2003-02-10,45.784753901958425
2003-02-11,45.453927091479294
2003-02-12,45.85704712692443
2003-02-13,45.636325993258325
2003-02-14,46.13092362226918
2003-02-17,46.41210340808346
2003-02-18,46.35455410940587
2003-02-19,46.110520907570894
2003-02-20,46.78755885490035
2003-02-21,46.65424938172867
2003-02-24,46.31995271993306
2003-02-25,46.15095654235063
2003-02-26,45.0242425921381
2003-02-27,45.25186056500443
2003-02-28,44.36340937906403
2003-03-03,44.53004981115112
2003-03-04,44.52366592954708
2003-03-05,44.48470987459062
2003-03-06,44.95984623908112
2003-03-07,45.31669415286784
2003-03-10,45.41474987303117
2003-03-11,45.234368108119675
2003-03-12,44.91326348775306
2003-03-13,45.29878764752866
2003-03-14,45.34336498072186
2003-03-17,48.76529432841908
2003-03-18,48.55812672629198
2003-03-19,49.36938263282639
2003-03-20,49.416135915981485
2003-03-21,48.37627264380701
2003-03-24,48.986201261008276
2003-03-25,47.54250971922313
2003-03-26,47.409993760544346
2003-03-27,47.139856274160685
2003-03-28,47.36920153800746
2003-03-31,46.42428722171451
2003-04-01,46.284733530875165
2003-04-02,46.51074864072451
2003-04-03,46.77285775276124
2003-04-04,46.37656803527799
2003-04-07,45.80683951317004
2003-04-08,45.51308595791346
2003-04-09,41.419672139814864
2003-04-10,42.003467215618734
2003-04-11,42.17853925562184
2003-04-14,42.03919085060569
2003-04-15,42.85111365252478
2003-04-16,42.60458213908965
2003-04-17,42.74097692841224
2003-04-18,42.34591025940271
2003-04-21,42.454537938151695
2003-04-22,42.559646105392304
2003-04-23,42.193327032705234
2003-04-24,42.040509312359596
2003-04-25,42.5560313561045
2003-04-28,42.778170354461814
2003-04-29,42.75093506581203
2003-04-30,42.72927074939597
2003-05-01,42.83566486284874
2003-05-02,42.66079937282115
2003-05-05,43.0270314439789
2003-05-06,42.78851680714764
2003-05-07,42.90666534205572
2003-05-08,42.92796914637784
2003-05-09,42.82500641686564
2003-05-12,42.63508616524062
2003-05-13,42.389498621368126
2003-05-14,42.0134970593716
2003-05-15,42.5498310964731
2003-05-16,43.02884026568132
2003-05-19,43.333449445468666
2003-05-20,43.12777854056464
2003-05-21,43.75873455175884
2003-05-22,43.45164470654902
2003-05-23,43.261755815630416
2003-05-26,42.69561433433074
2003-05-27,42.22385064185219
2003-05-28,41.83990079416977
2003-05-29,42.203064011381734
2003-05-30,42.316553904893
2003-06-02,42.5091234582025
2003-06-03,41.6883165015701
2003-06-04,40.89588349888448
2003-06-05,39.93417818971135
2003-06-06,40.14454203667371
2003-06-09,39.49166934726117
2003-06-10,40.156792939838176
2003-06-11,39.922430255866296
2003-06-12,39.76274144794018
2003-06-13,39.71148662013875
2003-06-16,40.27424489425689
2003-06-17,41.18608434673933
2003-06-18,40.28911090648149
2003-06-19,40.01008670086719
2003-06-20,39.904296851121444
2003-06-23,40.00316232768916
2003-06-24,40.42654065057953
2003-06-25,40.78105870524305
2003-06-26,40.51886816672436
2003-06-27,40.70964060923795
2003-06-30,40.77126169916382
2003-07-01,40.61337151780271
2003-07-02,41.16521749697821
2003-07-03,43.12149702136139
2003-07-04,43.52028919453718
2003-07-07,43.1196141190987
2003-07-08,42.675154960981224
2003-07-09,42.43761236738344
2003-07-10,42.762027614641404
2003-07-11,41.99249354281758
2003-07-14,41.69379183496256
2003-07-15,41.133836735148236
2003-07-16,41.218814429340924
2003-07-17,41.44607227691673
2003-07-18,41.52213037839723
2003-07-21,42.29929856123275
2003-07-22,42.23706481646023
2003-07-23,42.884778528021336
2003-07-24,42.798883186535406
2003-07-25,42.62300100207945
2003-07-28,42.6926676418326
2003-07-29,43.690234499312844
2003-07-30,43.45245436159728
2003-07-31,43.658774028302005
2003-08-01,43.96614909393554
2003-08-04,43.67425971941363
2003-08-05,43.171893847249144
2003-08-06,43.2361092523342
2003-08-07,43.320491262381736
2003-08-08,43.617979023970804
2003-08-11,44.40657994898036
2003-08-12,45.01023147444996
2003-08-13,45.102623167243486
2003-08-14,44.67724326157823
2003-08-15,44.60641834396592
2003-08-18,45.22014675460217
2003-08-19,45.495188217400184
2003-08-20,44.63206549136357
2003-08-21,43.98577488965932
2003-08-22,43.74751314040668
2003-08-25,43.80873267699543
2003-08-26,43.8369092287423
2003-08-27,43.8425178894067
2003-08-28,43.62842851696854
2003-08-29,44.57455912491598
2003-09-01,45.01182340448738
2003-09-02,45.79742180637538
2003-09-03,45.55265857052145
2003-09-04,45.57863192102717
2003-09-05,45.895195591876934
2003-09-08,46.309012117499755
2003-09-09,46.05081312288597
2003-09-10,46.07591979821382
2003-09-11,45.71169298000227
2003-09-12,45.8484239479409
2003-09-15,45.005701118059775
2003-09-16,46.003125770506635
2003-09-17,45.932282124733874
2003-09-18,46.373312754757286
2003-09-19,45.26641072082521
2003-09-22,44.64610086227021
2003-09-23,44.623887847381575
2003-09-24,45.159610590741536
2003-09-25,45.200357464006515
2003-09-26,45.210128314166504
2003-09-29,45.189456625304175
2003-09-30,44.671214422152104
2003-10-01,44.73759817042343
2003-10-02,44.63731691302302
2003-10-03,44.58825544554032
2003-10-06,44.88044377052979
2003-10-07,44.65685419890008
2003-10-08,45.46963526266743
2003-10-09,45.136154817160396
2003-10-10,45.83012480078422
2003-10-13,46.16698501230343
2003-10-14,46.906343123471686
2003-10-15,46.64696673528236
2003-10-16,47.197087964045195
2003-10-17,47.19943262999379
2003-10-20,47.04100556217985
2003-10-21,46.97379238335366
2003-10-22,47.553987392891614
2003-10-23,48.55641356526444
2003-10-24,48.97551898652994
2003-10-27,48.87338192392667
2003-10-28,49.250215472758995
2003-10-29,49.91833487723813
2003-10-30,49.87685371104677
2003-10-31,50.21410688181145
2003-11-03,50.59713811341094
2003-11-04,51.51258889784474
2003-11-05,51.59279154556561
2003-11-06,51.85934503566064
2003-11-07,52.39430021971499
2003-11-10,51.66833024807628
2003-11-11,52.027521605690644
2003-11-12,51.88570725978891
2003-11-13,50.52030937692565
2003-11-14,50.47870836489675
2003-11-17,51.01188909161333
2003-11-18,50.45083990859848
2003-11-19,49.90119574575662
2003-11-20,49.956841188360876
2003-11-21,49.515851809256716
2003-11-24,49.14327599611743
2003-11-25,48.70088635190747
2003-11-26,48.45190544606438
2003-11-27,47.15451552428378
2003-11-28,47.05836237383887
2003-12-01,44.1661759730341
2003-12-02,44.18466044609505
2003-12-03,44.77042445145598
2003-12-04,45.850673870290585
2003-12-05,46.35278945002187
2003-12-08,47.14292078447795
2003-12-09,46.97311579152587
2003-12-10,46.666001982585335
2003-12-11,45.19911867631678
2003-12-12,44.97038108208426
2003-12-15,44.547072139551396
2003-12-16,44.57167900492692
2003-12-17,44.64628015682461
2003-12-18,44.187525382711776
2003-12-19,44.58705862035971
2003-12-22,43.17178011264796
2003-12-23,44.169302932097494
2003-12-24,44.50469330102434
2003-12-25,44.321568308463966
2003-12-26,44.44436967800493
2003-12-29,45.32304922146153
2003-12-30,45.37066584239523
2003-12-31,44.98887436438123
2004-01-01,44.56502432835901
2004-01-02,45.322137215274196
2004-01-05,45.41356362211705
2004-01-06,45.13788619704008
2004-01-07,44.97918612543591
2004-01-08,45.21329184330038
2004-01-09,45.000235594132725
2004-01-12,45.361037500251975
2004-01-13,45.17798425301942
2004-01-14,44.85984438700694
2004-01-15,44.32120088875893
2004-01-16,43.50818885773727
2004-01-19,44.08943960323029
2004-01-20,43.603487388956346
2004-01-21,43.091629616222235
2004-01-22,43.4444718502583
2004-01-23,43.49926665706818
2004-01-26,43.56587167175076
2004-01-27,44.14622453641336
2004-01-28,43.58992479554295
2004-01-29,43.56117302744888
2004-01-30,43.267088139142665
2004-02-02,43.19831273772435
2004-02-03,42.43651245071153
2004-02-04,42.05186812252068
2004-02-05,42.5900203982006
2004-02-06,43.152008701884064
2004-02-09,43.470382726003116
2004-02-10,42.53699564465198
2004-02-11,43.2053150197758
2004-02-12,42.48321219284994
2004-02-13,43.03154542192061
2004-02-16,42.91212089100144
2004-02-17,42.93980269492683
2004-02-18,43.51335401922872
2004-02-19,42.85789560999087
2004-02-20,43.33217065998521
2004-02-23,42.82903434197563
2004-02-24,42.83617220566202
2004-02-25,42.692928813215815
2004-02-26,43.76816339933037
2004-02-27,44.23158910303215
2004-03-01,43.341124930491176
2004-03-02,43.24288905064639
2004-03-03,42.68562027438453
2004-03-04,43.007162853115744
2004-03-05,42.98781652680525
2004-03-08,42.76175360353309
2004-03-09,42.19468757401613
2004-03-10,41.59009862714082
2004-03-11,42.118745112876944
2004-03-12,45.27310644149206
2004-03-15,45.388402878451465
2004-03-16,43.06973675150511
2004-03-17,44.20913546980586
2004-03-18,41.93151423007383
2004-03-19,41.910410200579136
2004-03-22,42.27672208028535
2004-03-23,41.08276699373603
2004-03-24,40.856649918103315
2004-03-25,40.81606890134854
2004-03-26,40.96058760699206
2004-03-29,40.778626738161265
2004-03-30,40.698556207192254
2004-03-31,40.55908733494923
2004-04-01,41.76609498507381
2004-04-02,41.48862245768455
2004-04-05,42.433535736476266
2004-04-06,42.58593130840092
2004-04-07,42.07839371626631
2004-04-08,42.06535346226273
2004-04-09,42.102414123416004
2004-04-12,42.04580026223889
2004-04-13,42.360889687551605
2004-04-14,42.34857817997766
2004-04-15,42.04168220011831
2004-04-16,42.03941048828964
2004-04-19,42.29167469337418
2004-04-20,41.08735957990029
2004-04-21,41.83342567532582
2004-04-22,41.2078518950059
2004-04-23,40.91707165689392
2004-04-26,40.1903168117613
2004-04-27,40.13502246879817
2004-04-28,40.077107117796324
2004-04-29,40.23781166630009
2004-04-30,40.468356228493
2004-05-03,41.13570302236087
2004-05-04,41.32480597061635
2004-05-05,41.254572165520145
2004-05-06,42.03834103532678
2004-05-07,42.48988358765577
2004-05-10,46.16740594588367
2004-05-11,45.31273439672747
2004-05-12,44.40528947983926
2004-05-13,43.841462455460274
2004-05-14,44.45018806441073
2004-05-17,45.70071099080711
2004-05-18,44.74811576772801
2004-05-19,44.391289903840395
2004-05-20,44.808686271048195
2004-05-21,44.72247526329305
2004-05-24,44.34238041239378
2004-05-25,44.276463624980515
2004-05-26,44.59847763422408
2004-05-27,44.71248332959327
2004-05-28,43.66230007607786
2004-05-31,43.0797520562109
2004-06-01,42.55667186351347
2004-06-02,42.171413061743905
2004-06-03,42.39717797226319
2004-06-04,42.67312848692688
2004-06-07,41.87673481435713
2004-06-08,40.121420369288366
2004-06-09,40.1356147007296
2004-06-10,40.12964254519546
2004-06-11,39.66512022700745
2004-06-14,39.41209519642087
2004-06-15,37.758277391574616
2004-06-16,39.25892865972041
2004-06-17,39.89613406844692
2004-06-18,39.70830605703124
2004-06-21,40.117301106596976
2004-06-22,39.71532709738873
2004-06-23,39.61026359865393
2004-06-24,40.32274416707761
2004-06-25,39.93828518168474
2004-06-28,39.983179616670995
2004-06-29,40.76819712683937
2004-06-30,41.100702162043184
2004-07-01,40.922890865761154
2004-07-02,41.16840392000618
2004-07-05,40.63707336640196
2004-07-06,40.133924349837606
2004-07-07,40.66161841987275
2004-07-08,40.80259817429034
2004-07-09,40.448027653638114
2004-07-12,40.002335937952616
2004-07-13,40.26496610371148
2004-07-14,40.836303062183035
2004-07-15,40.96174132469694
2004-07-16,40.77754483480243
2004-07-19,40.19562669788671
2004-07-20,40.4118663785899
2004-07-21,39.747369662057665
2004-07-22,39.262868679607905
2004-07-23,39.24422945293931
2004-07-26,37.82025121309984
2004-07-27,37.74089689128922
2004-07-28,38.517241603243136
2004-07-29,37.9691045187505
2004-07-30,37.88292949110974
2004-08-02,37.62875158583876
2004-08-03,37.463701705170024
2004-08-04,38.133571495522006
2004-08-05,37.93873371754087
2004-08-06,38.37215403863686
2004-08-09,38.60313566708971
2004-08-10,39.490379012776536
2004-08-11,39.57094882577173
2004-08-12,39.36377341451032
2004-08-13,39.81131713752594
2004-08-16,39.888339734407715
2004-08-17,40.19015631425162
2004-08-18,41.34425568906129
2004-08-19,41.75193010062526
2004-08-20,41.953814590115975
2004-08-23,42.09404027256783
2004-08-24,43.454974782167525
2004-08-25,43.653741500148094
2004-08-26,44.177386755890936
2004-08-27,45.21062228892993
2004-08-30,44.797972800408395
2004-08-31,44.97706176346184
2004-09-01,44.5715757334362
2004-09-02,44.34362605329726
2004-09-03,44.48879399416972
2004-09-06,44.028709869378694
2004-09-07,44.18129414568563
2004-09-08,44.43522990879855
2004-09-09,45.46319967588885
2004-09-10,45.60025043770521
2004-09-13,45.46667529562422
2004-09-14,46.39728554028387
2004-09-15,45.86195324408779
2004-09-16,45.44461578143969
2004-09-17,45.95014997881737
2004-09-20,45.893459325623205
2004-09-21,47.21459544147096
2004-09-22,47.638709179294196
2004-09-23,47.297593146188106
2004-09-24,47.26862638618376
2004-09-27,47.465192878838614
2004-09-28,47.3022228323153
2004-09-29,46.80258094502078
2004-09-30,46.85437794518616
2004-10-01,45.985649595573264
2004-10-04,45.98838444211388
2004-10-05,45.93773061230703
2004-10-06,45.444270278480836
2004-10-07,45.81190009001451
2004-10-08,44.87407602519614
2004-10-11,45.23859385925372
2004-10-12,45.728451109148644
2004-10-13,44.95859069902293
2004-10-14,44.272928986645944
2004-10-15,43.95287786775544
2004-10-18,43.7131782142365
2004-10-19,43.82186851118216
2004-10-20,44.01127062832575
2004-10-21,44.13322292437733
2004-10-22,43.78109688332529
2004-10-25,43.46966215374234
2004-10-26,43.68333655171138
2004-10-27,43.5684730527206
2004-10-28,43.390466292968995
2004-10-29,43.948317669216216
2004-11-01,43.86642799815435
2004-11-02,44.24776710659927
2004-11-03,44.173564447577796
2004-11-04,44.693989754357105
2004-11-05,44.27452660982437
2004-11-08,44.31587227431197
2004-11-09,44.40147649667639
2004-11-10,44.62821459464897
2004-11-11,44.72837659452371
2004-11-12,44.7645392543626
2004-11-15,44.89945436505377
2004-11-16,45.34770590342131
2004-11-17,45.33000492196637
2004-11-18,45.46404844989986
2004-11-19,45.2604087486818
2004-11-22,45.35146349434179
2004-11-23,46.18135079725613
2004-11-24,46.05450326035533
2004-11-25,44.93960635473004
2004-11-26,45.082722044496556
2004-11-29,45.2397153527215
2004-11-30,45.0063380153576
2004-12-01,45.56960881643045
2004-12-02,46.46907569443386
2004-12-03,45.72164181456539
2004-12-06,45.00073620412121
2004-12-07,45.33987294961385
2004-12-08,45.497965108882156
2004-12-09,45.45394398007069
2004-12-10,45.617109253480535
2004-12-13,45.55508658852629
2004-12-14,46.036660386376994
2004-12-15,46.45638511193077
2004-12-16,46.025242315893934
2004-12-17,45.092119571915866
2004-12-20,44.93895003443942
2004-12-21,45.92009114964166
2004-12-22,45.65833028242582
2004-12-23,46.32938181285307
2004-12-24,46.24954981948168
2004-12-27,46.509461870184914
2004-12-28,46.54839093516775
2004-12-29,47.24338687545322
2004-12-30,48.64558101017479
2004-12-31,48.30948179130627
2005-01-03,48.070216264496445
2005-01-04,48.41322752517244
2005-01-05,48.35788436742427
2005-01-06,48.386863235832486
2005-01-07,48.67191949765947
2005-01-10,48.45845039568979
2005-01-11,48.23454181956938
2005-01-12,48.28571877373611
2005-01-13,48.63287870029342
2005-01-14,47.949881692359035
2005-01-17,47.834743059357365
2005-01-18,48.12302468285695
2005-01-19,47.43119026294868
2005-01-20,47.23122118315174
2005-01-21,46.940635671660104
2005-01-24,44.050282575701594
2005-01-25,44.97282059279621
2005-01-26,46.70631232989579
2005-01-27,45.52323836185394
2005-01-28,45.30805896532613
2005-01-31,45.6043190203555
2005-02-01,47.334239324961835
2005-02-02,46.97311856911718
2005-02-03,46.64103966685228
2005-02-04,46.377859345751745
2005-02-07,46.365425568930654
2005-02-08,47.54528275042251
2005-02-09,47.459283162367
2005-02-10,47.22800910525407
2005-02-11,47.32234521518607
2005-02-14,47.316515339406656
2005-02-15,47.082938192381455
2005-02-16,47.386018429495785
2005-02-17,46.68573160028371
2005-02-18,46.65673071372244
2005-02-21,47.046680026272654
2005-02-22,46.40192828973738
2005-02-23,46.01725319295364
2005-02-24,45.992594081005095
2005-02-25,45.44625026357928
2005-02-28,45.96525389220994
2005-03-01,46.20457886804079
2005-03-02,45.626413357311854
2005-03-03,45.7965412453431
2005-03-04,45.647778400937945
2005-03-07,46.029600653554176
2005-03-08,45.4792058948476
2005-03-09,45.23344648487277
2005-03-10,44.83940330186939
2005-03-11,44.62603031916922
2005-03-14,44.9123728081686
2005-03-15,44.96963418040529
2005-03-16,43.906858966513646
2005-03-17,44.58122479948036
2005-03-18,44.257423628976525
2005-03-21,44.17445016618132
2005-03-22,44.57682836111475
2005-03-23,44.4949699124013
2005-03-24,44.33996578271867
2005-03-25,44.69906702788291
2005-03-28,44.4648732420167
2005-03-29,43.99819748801457
2005-03-30,43.36005649468884
2005-03-31,43.69034235495161
2005-04-01,44.24264579017479
2005-04-04,44.38433565381915
2005-04-05,43.2032334343495
2005-04-06,43.04505150821872
2005-04-07,43.86088726270519
2005-04-08,43.84877360783215
2005-04-11,44.484324250656
2005-04-12,44.6065585233813
2005-04-13,45.76469816079354
2005-04-14,44.528158090232395
2005-04-15,44.30695893748018
2005-04-18,46.30739855319104
2005-04-19,46.39038956044787
2005-04-20,46.54995261230605
2005-04-21,46.943068593912066
2005-04-22,45.606626359680966
2005-04-25,44.90278460510299
2005-04-26,44.532960166401615
2005-04-27,43.70779113326013
2005-04-28,44.25390484449496
2005-04-29,44.440139296392715
2005-05-02,44.01309789841341
2005-05-03,44.243320305151045
2005-05-04,43.58618389476856
2005-05-05,43.86277998899267
2005-05-06,43.8269801507181
2005-05-09,42.97584806743872
2005-05-10,43.20653714650023
2005-05-11,42.6589675792979
2005-05-12,41.08184055195524
2005-05-13,41.39006932986058
2005-05-16,41.05038659853888
2005-05-17,40.69636338465136
2005-05-18,40.61180255521066
2005-05-19,40.80543334492917
2005-05-20,40.65791484820132
2005-05-23,41.32692721169053
2005-05-24,40.64286926527752
2005-05-25,40.23813109042968
2005-05-26,40.183240210780355
2005-05-27,40.378094979556415
2005-05-30,41.24788466188386
2005-05-31,41.012465607569865
2005-06-01,41.012552906125656
2005-06-02,41.958422966104145
2005-06-03,41.55462085064111
2005-06-06,40.35714886474024
2005-06-07,39.99900844559552
2005-06-08,39.99447076143259
2005-06-09,41.14578791952453
2005-06-10,40.89592642641052
2005-06-13,41.38180099374428
2005-06-14,41.14657651331574
2005-06-15,40.849148172474045
2005-06-16,39.822833433254566
2005-06-17,39.399714314834455
2005-06-20,40.59628873482511
2005-06-21,40.70885688912973
2005-06-22,40.49574706912262
2005-06-23,39.80991690146107
2005-06-24,40.25902089335638
2005-06-27,40.49207977554702
2005-06-28,40.24022198332624
2005-06-29,40.38182543775275
2005-06-30,40.56775089666378
2005-07-01,40.77917235515673
2005-07-04,40.73602459804557
2005-07-05,41.0942461724433
2005-07-06,41.09651231173318
2005-07-07,50.06038006929115
2005-07-08,50.81171830226801
2005-07-11,49.64463287088103
2005-07-12,49.53380592396401
2005-07-13,47.83490801683035
2005-07-14,46.72271734960787
2005-07-15,47.58599821395198
2005-07-18,46.278245535790724
2005-07-19,44.41430393077941
2005-07-20,44.01736910064967
2005-07-21,43.5655463367847
2005-07-22,43.22062989118861
2005-07-25,43.22290372191784
2005-07-26,43.61170300946353
2005-07-27,43.771326202836526
2005-07-28,44.00375726492727
2005-07-29,44.30739069552406
2005-08-01,44.21073764362095
2005-08-02,44.457843811371696
2005-08-03,45.01406015074616
2005-08-04,44.56942105520668
2005-08-05,44.05800579092415
2005-08-08,44.15093969126287
2005-08-09,44.60001332316902
2005-08-10,44.43771260762285
2005-08-11,44.76317892425623
2005-08-12,44.412624606090226
2005-08-15,44.21283941030846
2005-08-16,45.169524724399864
2005-08-17,44.986654307298394
2005-08-18,43.82425599245532
2005-08-19,43.47853516260126
2005-08-22,43.91982525396151
2005-08-23,43.854519390008555
2005-08-24,44.01714812340748
2005-08-25,43.2073059019879
2005-08-26,43.07213901504839
2005-08-29,43.141594167063815
2005-08-30,42.217045510891744
2005-08-31,42.44715412385036
2005-09-01,42.270468985853086
2005-09-02,41.93768379344272
2005-09-05,41.450653052108244
2005-09-06,42.27417221335431
2005-09-07,42.42611051169515
2005-09-08,42.084223818903624
2005-09-09,41.741757057491284
2005-09-12,42.173312892458036
2005-09-13,42.75011604447674
2005-09-14,43.106410279035785
2005-09-15,43.14347780522851
2005-09-16,42.83035866209165
2005-09-19,41.94686092417733
2005-09-20,42.27117440974778
2005-09-21,41.64555464733116
2005-09-22,41.498361229761976
2005-09-23,41.56528975383963
2005-09-26,41.60440101652358
2005-09-27,41.649737472771164
2005-09-28,41.975225489596596
2005-09-29,42.17541048905493
2005-09-30,42.189553926688745
2005-10-03,42.541235065792094
2005-10-04,42.60378696252287
2005-10-05,42.90984884702131
2005-10-06,43.35050224653115
2005-10-07,43.585781814978205
2005-10-10,43.1907374150177
2005-10-11,42.370318565543506
2005-10-12,43.812505533656505
2005-10-13,45.39880009850253
2005-10-14,46.27312807854985
2005-10-17,45.11059567724866
2005-10-18,44.74748283854907
2005-10-19,46.77461501186469
2005-10-20,46.30086280681329
2005-10-21,47.155751977837994
2005-10-24,48.68083540845583
2005-10-25,48.1379588511795
2005-10-26,46.574293742846756
2005-10-27,46.212175878157616
2005-10-28,46.12321287786363
2005-10-31,46.29099549429876
2005-11-01,46.102449128292335
2005-11-02,45.31534255230387
2005-11-03,45.018435551979074
2005-11-04,45.26783066251182
2005-11-07,45.078995110637315
2005-11-08,45.50460288261928
2005-11-09,45.03035550156413
2005-11-10,44.71848450772189
2005-11-11,45.28712594726856
2005-11-14,46.353282226899275
2005-11-15,46.984334222780504
2005-11-16,46.66359875705469
2005-11-17,46.54553352742331
2005-11-18,46.61004785807063
2005-11-21,46.85469482655325
2005-11-22,46.57257481782161
2005-11-23,46.648083053233975
2005-11-24,46.761015533852444
2005-11-25,47.20739609673581
2005-11-28,47.014024141831314
2005-11-29,47.468444692927726
2005-11-30,46.0139319021639
2005-12-01,46.28442495057817
2005-12-02,45.766776640404395
2005-12-05,45.42748955371386
2005-12-06,44.6825646614044
2005-12-07,44.495200788073305
2005-12-08,44.227744109874884
2005-12-09,43.61116525119528
2005-12-12,43.601952890749054
2005-12-13,43.99449269610303
2005-12-14,43.83475976569223
2005-12-15,44.325388674983344
2005-12-16,44.1267858196174
2005-12-19,44.340933258601886
2005-12-20,44.48704327750919
2005-12-21,44.80029447920727
2005-12-22,44.48314047151276
2005-12-23,45.22776270394333
2005-12-26,45.16854925027112
2005-12-27,45.57705388871805
2005-12-28,45.40996439550305
2005-12-29,45.66904832759452
2005-12-30,45.28315595859804
2006-01-02,44.932137114054434
2006-01-03,46.63955281870036
2006-01-04,45.12935839708069
2006-01-05,43.955014820754265
2006-01-06,44.22231437557681
2006-01-09,43.44680364232419
2006-01-10,43.25727912955812
2006-01-11,42.290000935862146
2006-01-12,41.58162218185238
2006-01-13,41.877596853652804
2006-01-16,42.101975052470316
2006-01-17,42.69165581030451
2006-01-18,44.23880271248597
2006-01-19,44.238661784069905
2006-01-20,45.69400651756359
2006-01-23,45.651675395729534
2006-01-24,45.80250632807637
2006-01-25,45.357024060379494
2006-01-26,45.30513896681039
2006-01-27,44.92005545372134
2006-01-30,44.54969739608227
2006-01-31,43.71475540400381
2006-02-01,43.508255796399965
2006-02-02,44.24902528043352
2006-02-03,43.66890669025965
2006-02-06,43.177694652126355
2006-02-07,42.99220683671541
2006-02-08,43.12364823287664
2006-02-09,42.91486631975372
2006-02-10,43.60220284650411
2006-02-13,43.39609459147436
2006-02-14,43.846387925479995
2006-02-15,44.415481294964124
2006-02-16,44.39554293345936
2006-02-17,44.14316258806883
2006-02-20,44.48332744668962
2006-02-21,43.92975199353176
2006-02-22,44.1451609014967
2006-02-23,43.2778234015239
2006-02-24,43.29863808252201
2006-02-27,43.89825536830295
2006-02-28,44.35031578009785
2006-03-01,43.3669755100265
2006-03-02,43.33769568108625
2006-03-03,43.09710000361391
2006-03-06,43.042159546498965
2006-03-07,42.86060005753124
2006-03-08,43.11159859784987
2006-03-09,43.60958821462497
2006-03-10,43.95896725882728
2006-03-13,42.288221393854386
2006-03-14,40.8675709493118
2006-03-15,40.77114757817274
2006-03-16,40.57004504024233
2006-03-17,40.984135405952095
2006-03-20,41.24717825120492
2006-03-21,40.94948913026326
2006-03-22,40.57197776400018
2006-03-23,39.38955165957593
2006-03-24,39.61203820685064
2006-03-27,39.965043501593165
2006-03-28,40.016410532887086
2006-03-29,39.615221338347986
2006-03-30,39.8906953314854
2006-03-31,40.61897126896934
2006-04-03,41.485730177093764
2006-04-04,41.27110442459628
2006-04-05,41.69267301916325
2006-04-06,41.54040225342353
2006-04-07,41.06065401140843
2006-04-10,40.88187387540181
2006-04-11,41.3945448872703
2006-04-12,41.91823063056903
2006-04-13,41.77193870516829
2006-04-14,41.60977407603438
2006-04-17,41.76699096487123
2006-04-18,42.25009800523123
2006-04-19,42.28644703690678
2006-04-20,42.84406572283534
2006-04-21,43.85191149328951
2006-04-24,43.00713552141599
2006-04-25,42.83201005098123
2006-04-26,43.21607388405115
2006-04-27,43.34666361399286
2006-04-28,42.79737163447907
2006-05-01,42.71498939932252
2006-05-02,43.19235029624675
2006-05-03,43.665093866749594
2006-05-04,43.11624962303506
2006-05-05,43.226871643501646
2006-05-08,42.97871627171213
2006-05-09,43.41805746876814
2006-05-10,42.28669822446851
2006-05-11,41.76962593350511
2006-05-12,41.44880654276223
2006-05-15,43.6713278398321
2006-05-16,44.45002169972127
2006-05-17,44.7993827667042
2006-05-18,45.3985555148887
2006-05-19,43.99308182957198
2006-05-22,44.91025887165647
2006-05-23,46.22293569032122
2006-05-24,46.861849872378095
2006-05-25,47.53917355731124
2006-05-26,47.33247068478477
2006-05-29,47.843412842947394
2006-05-30,47.51227693989612
2006-05-31,48.10655110961573
2006-06-01,47.52110161959007
2006-06-02,47.62403162130079
2006-06-05,47.5265576445155
2006-06-06,47.976867867517846
2006-06-07,47.67947231313121
2006-06-08,48.611953872536205
2006-06-09,48.692769117600896
2006-06-12,47.979452141759616
2006-06-13,48.447064469327174
2006-06-14,48.914856605660006
2006-06-15,48.34461635768871
2006-06-16,48.104537365582374
2006-06-19,48.68609947413676
2006-06-20,47.404762292409735
2006-06-21,47.22425991931021
2006-06-22,46.37923022709395
2006-06-23,46.41292156968028
2006-06-26,45.93974280246264
2006-06-27,45.7244521964462
2006-06-28,46.05851408651494
2006-06-29,45.193887223340006
2006-06-30,45.274987904059685
2006-07-03,45.32524243544071
2006-07-04,46.64916445794693
2006-07-05,45.540218531236
2006-07-06,43.99658237537758
2006-07-07,43.55996719268243
2006-07-10,44.11501643863392
2006-07-11,44.480001663660914
2006-07-12,44.62846154775663
2006-07-13,45.46152371009394
2006-07-14,45.082048042550376
2006-07-17,45.01722417620764
2006-07-18,45.088895410194105
2006-07-19,45.24831192052026
2006-07-20,45.03432136196072
2006-07-21,45.01361414769517
2006-07-24,44.84706722605222
2006-07-25,44.47393137400338
2006-07-26,44.809975280683254
2006-07-27,44.775854349015056
2006-07-28,44.15675347514621
2006-07-31,43.98038886375539
2006-08-01,44.69273219011978
2006-08-02,44.88735198848865
2006-08-03,44.38372378571286
2006-08-04,45.03324362315658
2006-08-07,44.81595404621259
2006-08-08,44.59359564963062
2006-08-09,45.15865132368314
2006-08-10,45.96519991677538
2006-08-11,46.13546261685068
2006-08-14,46.683172103988845
2006-08-15,46.82211424542538
2006-08-16,46.86360856675942
2006-08-17,46.60455482684784
2006-08-18,46.68931172407781
2006-08-21,46.586363827603925
2006-08-22,46.71692675168749
2006-08-23,46.71400503140435
2006-08-24,46.54128456618906
2006-08-25,46.806601250895085
2006-08-28,47.51711416325998
2006-08-29,47.95337116277158
2006-08-30,47.492887195452006
2006-08-31,48.07516033850859
2006-09-01,48.91948635819053
2006-09-04,49.89919681438861
2006-09-05,50.364560895516156
2006-09-06,50.77231754498975
2006-09-07,50.571826810425755
2006-09-08,50.11763494426856
2006-09-11,49.693009219017064
2006-09-12,49.98822689934495
2006-09-13,50.00721286985627
2006-09-14,50.19520094812243
2006-09-15,50.54942336226784
2006-09-18,51.05489109883695
2006-09-19,50.706522343845904
2006-09-20,50.84642730929254
2006-09-21,50.97628073595589
2006-09-22,50.83520217878187
2006-09-25,52.45639957762249
2006-09-26,51.90581928616353
2006-09-27,51.45242190987396
2006-09-28,51.527651884888655
2006-09-29,52.02787262966557
2006-10-02,51.826880115335925
2006-10-03,51.02028008661281
2006-10-04,50.548723984888284
2006-10-05,50.718352233466135
2006-10-06,50.78060830259125
2006-10-09,50.665647647722054
2006-10-10,50.5951803716491
2006-10-11,50.557934515553896
2006-10-12,51.11749837307652
2006-10-13,51.15647250484546
2006-10-16,51.50991484829226
2006-10-17,51.156376060789874
2006-10-18,51.26476762040185
2006-10-19,51.46084260401466
2006-10-20,51.59525200949467
2006-10-23,50.93689293222509
2006-10-24,51.81927110989924
2006-10-25,51.4357710960109
2006-10-26,50.53031003173151
2006-10-27,50.615435905385475
2006-10-30,50.67671467244379
2006-10-31,49.90715838057821
2006-11-01,50.08533431519463
2006-11-02,49.92498574483792
2006-11-03,49.41228811517549
2006-11-06,49.79074484371229
2006-11-07,50.22789689764381
2006-11-08,50.62056694765274
2006-11-09,50.65018171976379
2006-11-10,50.38231845587789
2006-11-13,50.411670983685966
2006-11-14,50.27386260604571
2006-11-15,50.76809157104157
2006-11-16,51.08854724372652
2006-11-17,50.84726175851103
2006-11-20,50.683993406548105
2006-11-21,50.82660020658254
2006-11-22,50.489699954847424
2006-11-23,49.906554736851035
2006-11-24,49.2915743680336
2006-11-27,49.71413136566135
2006-11-28,49.04517571896479
2006-11-29,48.365973504555214
2006-11-30,48.714403965939674
2006-12-01,48.53983394833809
2006-12-04,49.023144990063635
2006-12-05,48.46070359049926
2006-12-06,49.00928601426828
2006-12-07,49.252429282615424
2006-12-08,49.745243240068575
2006-12-11,49.948228356501986
2006-12-12,49.545959106457985
2006-12-13,49.27737493976057
2006-12-14,48.87664452229492
2006-12-15,49.65604409605402
2006-12-18,50.10595221431934
2006-12-19,60.17495685795757
2006-12-20,59.29232494319012
2006-12-21,58.657500438232134
2006-12-22,58.07021398493553
2006-12-25,57.2212229358956
2006-12-26,54.14655396533071
2006-12-27,54.10436641856425
2006-12-28,52.751811647142105
2006-12-29,52.762210083631444
2007-01-01,48.6998332966175
2007-01-02,48.31685376260871
2007-01-03,48.392395842491304
2007-01-04,48.252194209379624
2007-01-05,47.91055914909668
2007-01-08,47.679926346778316
2007-01-09,46.9587763484574
2007-01-10,48.309404960975485
2007-01-11,48.730169319469056
2007-01-12,48.93336088331724
2007-01-15,49.15375960060482
2007-01-16,48.364049885332804
2007-01-17,47.09557394930719
2007-01-18,48.13945384564439
2007-01-19,47.9253044805622
2007-01-22,47.91836867177684
2007-01-23,47.49870467271076
2007-01-24,47.578761703530354
2007-01-25,47.221625770705664
2007-01-26,47.26591865403066
2007-01-29,46.344218099399846
2007-01-30,45.34802632916766
2007-01-31,44.06239319387602
2007-02-01,42.77673829046751
2007-02-02,43.866773725961245
2007-02-05,43.285410951089794
2007-02-06,43.34269724746623
2007-02-07,43.031234987187936
2007-02-08,44.02932697990503
2007-02-09,44.21651262768756
2007-02-12,43.26327909151507
2007-02-13,43.44812992194511
2007-02-14,43.44576245725593
2007-02-15,44.16566519979808
2007-02-16,45.55327559428108
2007-02-19,45.36446013759292
2007-02-20,45.72029094087119
2007-02-21,46.4095381344702
2007-02-22,44.2672737901915
2007-02-23,43.44425456505875
2007-02-26,43.897518399495986
2007-02-27,46.285592832675526
2007-02-28,45.90007544669964
2007-03-01,54.78944089723051
2007-03-02,52.58805267749964
2007-03-05,51.59116904845236
2007-03-06,51.234514081280956
2007-03-07,48.19824734959051
2007-03-08,50.20176044755673
2007-03-09,50.08973695388486
2007-03-12,47.15211083927228
2007-03-13,46.89122819350378
2007-03-14,46.954765868184715
2007-03-15,47.01131818294237
2007-03-16,47.36242457090003
2007-03-19,47.26184699276837
2007-03-20,47.75230896482132
2007-03-21,48.890778737140465
2007-03-22,49.152820713352284
2007-03-23,49.18868184801837
2007-03-26,49.09850897675754
2007-03-27,49.2766074788374
2007-03-28,48.60753183264809
2007-03-29,49.035128777505335
2007-03-30,48.71622899447517
2007-04-02,48.926068304762715
2007-04-03,48.95479983785774
2007-04-04,48.51742959284048
2007-04-05,47.09660583898496
2007-04-06,47.1365007355967
2007-04-09,46.56834844787438
2007-04-10,46.48102472217937
2007-04-11,46.09083773859824
2007-04-12,46.136129850034926
2007-04-13,46.58393355912858
2007-04-16,46.55908895968317
2007-04-17,46.77012855613207
2007-04-18,47.00236647239489
2007-04-19,46.0930647509555
2007-04-20,46.30656203247437
2007-04-23,46.199223034245996
2007-04-24,46.1370788156014
2007-04-25,45.24403257234898
2007-04-26,45.615759680238114
2007-04-27,45.85949254342141
2007-04-30,45.69392827029226
2007-05-01,46.120687305142575
2007-05-02,46.549443435130065
2007-05-03,46.89892017615119
2007-05-04,47.51628970676802
2007-05-07,47.06691901697132
2007-05-08,46.812918621230665
2007-05-09,47.17760871827618
2007-05-10,47.351342264158426
2007-05-11,47.6319346261667
2007-05-14,47.80247562186243
2007-05-15,47.21165940828796
2007-05-16,47.5871069784165
2007-05-17,48.411803117266814
2007-05-18,47.99208848486075
2007-05-21,47.379902998155934
2007-05-22,47.44305267340776
2007-05-23,47.45571936317229
2007-05-24,49.696176238649635
2007-05-25,48.765585770305115
2007-05-28,48.31947074563738
2007-05-29,48.74933246779653
2007-05-30,50.01843106877675
2007-05-31,49.77114507215146
2007-06-01,50.01303748191908
2007-06-04,49.92810347788793
2007-06-05,50.08065500796845
2007-06-06,49.752746745717786
2007-06-07,52.939563982348076
2007-06-08,51.35355411089014
2007-06-11,50.80257378813359
2007-06-12,50.13272405760461
2007-06-13,50.35038837279544
2007-06-14,51.18822187354447
2007-06-15,51.26020725451967
2007-06-18,50.925158668476705
2007-06-19,51.08798455679336
2007-06-20,49.88680751825466
2007-06-21,50.10016075999264
2007-06-22,49.53378421382506
2007-06-25,50.17273219757927
2007-06-26,50.18644030875737
2007-06-27,50.8031774614915
2007-06-28,50.83686108875391
2007-06-29,51.1665243099003
2007-07-02,50.753977068780145
2007-07-03,49.85859570979777
2007-07-04,50.363186058913094
2007-07-05,50.29175274719563
2007-07-06,50.50383734144735
2007-07-09,50.0125022933969
2007-07-10,50.01954659845517
2007-07-11,50.2378876152248
2007-07-12,50.37593613030739
2007-07-13,49.92464399521935
2007-07-16,50.525134459150046
2007-07-17,50.6916734694226
2007-07-18,50.772503040995446
2007-07-19,51.09233764513881
2007-07-20,50.76206990134585
2007-07-23,50.84589202329864
2007-07-24,51.521572746578954
2007-07-25,53.65617922183959
2007-07-26,57.052710929215564
2007-07-27,59.63897548944495
2007-07-30,58.8735251825733
2007-07-31,58.61672099152721
2007-08-01,59.63691267392255
2007-08-02,59.381960629854156
2007-08-03,58.36735834104608
2007-08-06,58.10824615199147
2007-08-07,57.87766909169146
2007-08-08,58.16704523798087
2007-08-09,58.00268416775729
2007-08-10,58.697595943373486
2007-08-13,58.12635197872746
2007-08-14,58.80771541225299
2007-08-15,59.48525732219785
2007-08-16,61.8279956915327
2007-08-17,63.09540287646103
2007-08-20,62.33089199370694
2007-08-21,61.80291588282146
2007-08-22,61.74318136517473
2007-08-23,61.65104219722737
2007-08-24,61.573281628949324
2007-08-27,61.422089130605244
2007-08-28,61.27122614037801
2007-08-29,60.815067805340455
2007-08-30,60.79936174299685
2007-08-31,61.27545451950166
2007-09-03,61.06786836926916
2007-09-04,64.23265004885721
2007-09-05,63.94908267273344
2007-09-06,63.51209770619459
2007-09-07,62.72402222869031
2007-09-10,62.597908892358404
2007-09-11,62.337942956755114
2007-09-12,62.852939217291286
2007-09-13,62.70270482676164
2007-09-14,62.32542598219868
2007-09-17,62.33250499215452
2007-09-18,62.15172297006427
2007-09-19,60.90364750243522
2007-09-20,60.43806651468641
2007-09-21,59.72548285355966
2007-09-24,60.0092473560722
2007-09-25,59.390025898355184
2007-09-26,59.14614130633554
2007-09-27,59.281030367770555
2007-09-28,59.034032054123294
2007-10-01,58.66451462893324
2007-10-02,58.3892312927448
2007-10-03,58.26295968694419
2007-10-04,56.27197866133161
2007-10-05,56.69498338922743
2007-10-08,56.746845953523255
2007-10-09,56.210764416656495
2007-10-10,55.00554643246601
2007-10-11,55.68166248341638
2007-10-12,55.29430420067293
2007-10-15,53.79846813964513
2007-10-16,53.27382828629356
2007-10-17,53.19046661129768
2007-10-18,53.42978947144569
2007-10-19,52.34287372744382
2007-10-22,52.02889130331841
2007-10-23,51.36748783046509
2007-10-24,51.80318845904018
2007-10-25,52.27333288201156
2007-10-26,53.07727946066638
2007-10-29,53.41240985351904
2007-10-30,52.675384226875465
2007-10-31,52.414069776642656
2007-11-01,52.55310270263754
2007-11-02,52.89148575360051
2007-11-05,52.69675849229786
2007-11-06,52.49553307871042
2007-11-07,51.925254699297334
2007-11-08,53.27441449269645
2007-11-09,52.36940394659017
2007-11-12,52.35755765353859
2007-11-13,51.8939315929896
2007-11-14,51.40302281466198
2007-11-15,50.21641891534661
2007-11-16,50.4690685870817
2007-11-19,51.64893237032337
2007-11-20,52.35257834307044
2007-11-21,52.180534907318034
2007-11-22,53.11213655701543
2007-11-23,53.31924734476237
2007-11-26,53.43097469534083
2007-11-27,55.452128424702956
2007-11-28,55.091453064769155
2007-11-29,55.42587169792934
2007-11-30,54.98735522038913
2007-12-03,56.41751914952072
2007-12-04,56.254231379726626
2007-12-05,56.31407837778047
2007-12-06,56.32746121195675
2007-12-07,57.33011487478644
2007-12-10,56.94686337209202
2007-12-11,56.55948715602371
2007-12-12,57.52527783484989
2007-12-13,58.06907068536851
2007-12-14,57.479486337409334
2007-12-17,57.69330409239866
2007-12-18,56.954504830693146
2007-12-19,56.75456109895112
2007-12-20,55.890529988379384
2007-12-21,55.187281386150005
2007-12-24,55.78506515310804
2007-12-25,54.65928502249311
2007-12-26,54.918605879241774
2007-12-27,55.058981920960015
2007-12-28,55.11048336265332
2007-12-31,55.11249656825213
2008-01-01,55.573501976133606
2008-01-02,55.71837372506226
2008-01-03,55.14695429589699
2008-01-04,55.14802582475726
2008-01-07,55.33987019986508
2008-01-08,54.76498011177863
2008-01-09,55.02595909816897
2008-01-10,55.68863228750092
2008-01-11,55.94662577610148
2008-01-14,56.40886083766587
2008-01-15,56.29629140767305
2008-01-16,56.43099393194721
2008-01-17,56.09854769249382
2008-01-18,58.22713907348864
2008-01-21,59.807425101814296
2008-01-22,65.30125118155006
2008-01-23,76.82517116704149
2008-01-24,68.13549494304368
2008-01-25,68.04027663821607
2008-01-28,67.05808377797158
2008-01-29,65.23568497923728
2008-01-30,64.2955448116729
2008-01-31,64.04570452643053
2008-02-01,63.83921170565274
2008-02-04,64.21375965631536
2008-02-05,64.40528529153687
2008-02-06,65.11554410110735
2008-02-07,65.03466968296851
2008-02-08,65.52204953854276
2008-02-11,64.6108255041348
2008-02-12,64.03770484112269
2008-02-13,64.9777849202859
2008-02-14,64.74202932013624
2008-02-15,64.23993361476923
2008-02-18,64.77916943896511
2008-02-19,64.13513180725171
2008-02-20,64.106082026292
2008-02-21,65.21721241218759
2008-02-22,65.46489578076243
2008-02-25,65.57037940291863
2008-02-26,65.28998921506933
2008-02-27,65.34898687177072
2008-02-28,65.12957294550553
2008-02-29,65.30787157948494
2008-03-03,65.38230342814607
2008-03-04,65.43997169401085
2008-03-05,66.05770869389121
2008-03-06,66.1178867286633
2008-03-07,66.01207348340996
2008-03-10,65.62914705593323
2008-03-11,65.18902204835355
2008-03-12,65.07096643105545
2008-03-13,65.02059900790263
2008-03-14,68.58477678144453
2008-03-17,69.47164428096798
2008-03-18,68.00345462761217
2008-03-19,67.27056023191047
2008-03-20,67.03833305285077
2008-03-21,66.67933864621745
2008-03-24,66.24500385967056
2008-03-25,65.8028916263686
2008-03-26,65.6218893189858
2008-03-27,65.29057489385956
2008-03-28,65.40322095057674
2008-03-31,65.19968256455914
2008-04-01,65.07607628605082
2008-04-02,64.74132152708235
2008-04-03,64.95395597457843
2008-04-04,65.06170386959002
2008-04-07,64.38052772298191
2008-04-08,64.24521142151407
2008-04-09,64.24394825720609
2008-04-10,64.64013620677102
2008-04-11,64.21018074182062
2008-04-14,64.49267359596455
2008-04-15,64.05321215620755
2008-04-16,63.936241084028275
2008-04-17,64.28209818842413
2008-04-18,63.91707244436457
2008-04-21,63.38020621830088
2008-04-22,63.13501990317753
2008-04-23,63.241150268536394
2008-04-24,63.26278091461107
2008-04-25,63.23723870356613
2008-04-28,63.248525172935395
2008-04-29,63.57675299835254
2008-04-30,62.91252213838215
2008-05-01,62.57693259163101
2008-05-02,63.45149135817777
2008-05-05,63.01989747379714
2008-05-06,62.598160011411075
2008-05-07,62.05400804548719
2008-05-08,61.59356815950802
2008-05-09,61.783152280091144
2008-05-12,62.02736533562513
2008-05-13,62.03682705894783
2008-05-14,62.40166953614788
2008-05-15,64.16129044773406
2008-05-16,64.06720200664033
2008-05-19,63.72356151938545
2008-05-20,63.51762181725615
2008-05-21,63.185938260655746
2008-05-22,63.23754081334401
2008-05-23,62.80445939021268
2008-05-26,62.68577231304669
2008-05-27,63.23942608070115
2008-05-28,62.628535256414196
2008-05-29,61.94397860425183
2008-05-30,61.472583964374444
2008-06-02,61.486435482229766
2008-06-03,60.72487669196898
2008-06-04,60.115050340026315
2008-06-05,61.50942797440343
2008-06-06,61.285785129910245
2008-06-09,61.259326121682015
2008-06-10,60.84455065703961
2008-06-11,60.66203524496412
2008-06-12,61.03274404213439
2008-06-13,60.98497966705548
2008-06-16,61.198016258564415
2008-06-17,61.05634485850843
2008-06-18,60.7862687198333
2008-06-19,61.14499437911116
2008-06-20,61.79591659033237
2008-06-23,61.32260590658283
2008-06-24,60.85498099055849
2008-06-25,60.427861946679045
2008-06-26,61.147685392502936
2008-06-27,61.246848547950954
2008-06-30,61.00195118830948
2008-07-01,61.394431544388674
2008-07-02,61.28471422002732
2008-07-03,60.35249658730787
2008-07-04,60.35118008598852
2008-07-07,60.438595512793654
2008-07-08,61.10669666450129
2008-07-09,60.53632433067795
2008-07-10,61.001593464478226
2008-07-11,60.44529198158613
2008-07-14,59.89325530915265
2008-07-15,60.453303889864365
2008-07-16,59.179364087062595
2008-07-17,59.49321953676811
2008-07-18,59.44492381813786
2008-07-21,59.52217831795497
2008-07-22,59.56015751666706
2008-07-23,59.99079459339219
2008-07-24,59.79013464859535
2008-07-25,60.590760881978326
2008-07-28,60.77675836280918
2008-07-29,60.68092092129926
2008-07-30,60.74774360794713
2008-07-31,61.290136913818515
2008-08-01,61.99315295234269
2008-08-04,62.09183291193984
2008-08-05,60.48760733241237
2008-08-06,60.23430864218825
2008-08-07,60.618357142215025
2008-08-08,61.8374268620928
2008-08-11,62.07344389976125
2008-08-12,63.01712988302635
2008-08-13,63.16172322401669
2008-08-14,63.178896029962324
2008-08-15,63.27764445500349
2008-08-18,63.07932789273383
2008-08-19,63.021778082692556
2008-08-20,63.48338413674761
2008-08-21,63.99970307192835
2008-08-22,63.654471339752426
2008-08-25,64.57888827604602
2008-08-26,64.96347725133049
2008-08-27,64.84121176071427
2008-08-28,64.69371037686047
2008-08-29,64.47130345151247
2008-09-01,64.30126609069582
2008-09-02,63.51010106249678
2008-09-03,63.7020320138197
2008-09-04,63.1012270411265
2008-09-05,62.23099078600129
2008-09-08,62.39031847777403
2008-09-09,61.656006984131736
2008-09-10,61.255505790706025
2008-09-11,62.15139408449589
2008-09-12,61.96267297091952
2008-09-15,60.32909144150439
2008-09-16,62.669936563066926
2008-09-17,64.49143526758915
2008-09-18,68.26888802080121
2008-09-19,67.88621915165744
2008-09-22,64.86261931102217
2008-09-23,65.28126563837677
2008-09-24,64.50666561592243
2008-09-25,65.965260956309
2008-09-26,65.46502837253708
2008-09-29,66.4287819908784
2008-09-30,65.26079921447197
2008-10-01,65.91770376744749
2008-10-02,65.54330798251807
2008-10-03,64.26873971164751
2008-10-06,66.70708557262901
2008-10-07,64.26659426713029
2008-10-08,61.31256661254415
2008-10-09,64.24131951118774
2008-10-10,65.91512160142251
2008-10-13,64.8453982969739
2008-10-14,67.22538612017637
2008-10-15,66.36940328823759
2008-10-16,65.62711336056294
2008-10-17,65.57340937952198
2008-10-20,66.43031060894411
2008-10-21,67.15541308763287
2008-10-22,67.09887967160533
2008-10-23,66.87582514745928
2008-10-24,67.0831504388274
2008-10-27,66.49961695410694
2008-10-28,65.28909680967546
2008-10-29,67.63089470696845
2008-10-30,64.6774972113952
2008-10-31,64.1466592394734
2008-11-03,65.06384360929714
2008-11-04,64.29800746635495
2008-11-05,62.949331144412085
2008-11-06,63.94864867870159
2008-11-07,62.457480775116935
2008-11-10,63.48278727112893
2008-11-11,63.63418116730073
2008-11-12,63.857703441657485
2008-11-13,63.56047173824527
2008-11-14,63.55917037255779
2008-11-17,63.76569498083443
2008-11-18,64.16260478733776
2008-11-19,64.6959427503121
2008-11-20,64.86034346404632
2008-11-21,64.52525591704332
2008-11-24,64.41049240172006
2008-11-25,63.28828920087402
2008-11-26,63.42377157352227
2008-11-27,63.49970602904068
2008-11-28,61.88503685042672
2008-12-01,62.452024111266056
2008-12-02,62.618038308212725
2008-12-03,61.39278088789928
2008-12-04,60.99927269389771
2008-12-05,61.053586617760935
2008-12-08,60.82882055463597
2008-12-09,61.60281018816129
2008-12-10,61.40139760321241
2008-12-11,61.1371310824884
2008-12-12,61.91933235839252
2008-12-15,63.114537579774016
2008-12-16,63.04600638383509
2008-12-17,62.73536077456044
2008-12-18,63.05630451671147
2008-12-19,62.38540252758316
2008-12-22,62.078010247910875
2008-12-23,62.660134208202194
2008-12-24,63.80580100146138
2008-12-25,64.2030273785168
2008-12-26,65.58911156460931
2008-12-29,65.04264101694507
2008-12-30,66.6633531153455
2008-12-31,63.61503833323338
2009-01-01,63.81984947104801
2009-01-02,63.615329581957035
2009-01-05,62.24180255069499
2009-01-06,61.71633987723984
2009-01-07,61.43838506152762
2009-01-08,61.329630728418024
2009-01-09,61.62630930101439
2009-01-12,61.816059962738954
2009-01-13,61.766531943068735
2009-01-14,62.73882521297427
2009-01-15,62.23384332941081
2009-01-16,61.81079406128763
2009-01-19,60.634803830947696
2009-01-20,60.72727589041959
2009-01-21,60.47647026255697
2009-01-22,60.77954422655518
2009-01-23,61.016425932712544
2009-01-26,60.877570789171486
2009-01-27,61.594199359933214
2009-01-28,61.95146594918104
2009-01-29,61.585866362745705
2009-01-30,62.368153695544216
2009-02-02,63.31212782005673
2009-02-03,62.44105700289606
2009-02-04,62.85174596020945
2009-02-05,62.40487394847603
2009-02-06,62.340013406244665
2009-02-09,63.4501972415512
2009-02-10,63.135896541304604
2009-02-11,63.240570689635895
2009-02-12,63.06569877701851
2009-02-13,63.01408081184169
2009-02-16,63.40648770834455
2009-02-17,63.423471608068745
2009-02-18,63.19140004648261
2009-02-19,63.217474136247446
2009-02-20,63.18278493765568
2009-02-23,63.49961801380657
2009-02-24,63.86940272759242
2009-02-25,63.24131810248349
2009-02-26,62.327743612417535
2009-02-27,62.47561996870412
2009-03-02,62.464768052762146
2009-03-03,62.59737267245233
2009-03-04,62.50389607250522
2009-03-05,61.79703586632155
2009-03-06,61.74486469071183
2009-03-09,61.90267162091511
2009-03-10,61.77739870556208
2009-03-11,62.67711664729955
2009-03-12,62.11647257483065
2009-03-13,62.64638276488483
2009-03-16,62.56306455215547
2009-03-17,61.95498188634448
2009-03-18,61.48478214147395
2009-03-19,62.22497133554283
2009-03-20,62.28702101435733
2009-03-23,62.389930276262895
2009-03-24,63.99913789742387
2009-03-25,63.598378502212945
2009-03-26,63.515827194227434
2009-03-27,63.33357088393211
2009-03-30,63.398105815547815
2009-03-31,61.6521293103004
2009-04-01,60.998180616369446
2009-04-02,61.22515645058373
2009-04-03,61.54865120041687
2009-04-06,62.197616296647666
2009-04-07,61.38817064860207
2009-04-08,61.55631258031021
2009-04-09,62.04998706884556
2009-04-10,61.67954267655431
2009-04-13,61.611295778516784
2009-04-14,61.947086301100285
2009-04-15,61.70367496502157
2009-04-16,61.67536004398022
2009-04-17,61.59000000159667
2009-04-20,61.87004502280255
2009-04-21,61.72341238269463
2009-04-22,61.56538131398328
2009-04-23,61.23613597480489
2009-04-24,60.999453476251404
2009-04-27,60.61870439897076
2009-04-28,61.16356730455392
2009-04-29,60.695417632875596
2009-04-30,60.544707169368216
2009-05-01,60.021851266821486
2009-05-04,59.688995387617226
2009-05-05,59.8187208889682
2009-05-06,60.22655091228711
2009-05-07,60.131250641829915
2009-05-08,60.047400720701944
2009-05-11,60.1603228590141
2009-05-12,59.939824463048275
2009-05-13,60.102306326929806
2009-05-14,60.29852092062538
2009-05-15,60.50517145827949
2009-05-18,60.65476136310664
2009-05-19,59.9139864621198
2009-05-20,60.005486743055485
2009-05-21,59.401719147435834
2009-05-22,59.34683344960956
2009-05-25,58.749623526325976
2009-05-26,58.65363400206257
2009-05-27,58.370357854673344
2009-05-28,58.5777290476848
2009-05-29,58.97839908136425
2009-06-01,59.10495184663247
2009-06-02,59.02776113351586
2009-06-03,58.24663301979728
2009-06-04,56.618461951442804
2009-06-05,56.83897098525953
2009-06-08,56.504712865529555
2009-06-09,55.70422632451962
2009-06-10,56.10020870089424
2009-06-11,56.2719354085051
2009-06-12,54.4069048648254
2009-06-15,54.17625652107007
2009-06-16,54.22092141260157
2009-06-17,54.29130524949416
2009-06-18,54.36096838889163
2009-06-19,54.49017109568717
2009-06-22,52.794463014741886
2009-06-23,50.71178402094511
2009-06-24,50.15560043631681
2009-06-25,50.69243494142985
2009-06-26,49.077217596846154
2009-06-29,50.529017462077285
2009-06-30,49.9285746739079
2009-07-01,50.38894726706633
2009-07-02,49.09841127907903
2009-07-03,49.272888506039884
2009-07-06,49.481986450153336
2009-07-07,48.871020231977205
2009-07-08,49.43368054833797
2009-07-09,49.220431561320645
2009-07-10,48.91860811283464
2009-07-13,48.055466536917756
2009-07-14,48.517482924002685
2009-07-15,47.24233747614812
2009-07-16,46.4748671203567
2009-07-17,47.08012358565106
2009-07-20,46.64463685107036
2009-07-21,46.26445260974799
2009-07-22,46.70048524950596
2009-07-23,46.47148749296692
2009-07-24,47.19697683885875
2009-07-27,47.104693000280534
2009-07-28,47.481716891356974
2009-07-29,47.750587936387795
2009-07-30,47.75246746950783
